Category,Brand,WarrantyPeriod,Product
Electronics,Realme,1 Year,Smartphone
Electronics,Canon,2 Years,Camera
Accessories,JBL,1 Year,Headphones
Accessories,JBL,1 Year,Headphones
Accessories,JBL,1 Year,Headphones
Accessories,JBL,1 Year,Headphones
Electronics,Amazfit,1 Year,Smartwatch
Accessories,JBL,1 Year,Headphones
Electronics,Canon,2 Years,Camera
Electronics,Canon,2 Years,Camera
Electronics,Amazfit,1 Year,Smartwatch
Electronics,Realme,1 Year,Smartphone
Accessories,JBL,1 Year,Headphones
Accessories,JBL,1 Year,Headphones
Electronics,Realme,1 Year,Smartphone
Electronics,Amazfit,1 Year,Smartwatch
Accessories,JBL,1 Year,Headphones
Electronics,Realme,1 Year,Smartphone
Electronics,Amazfit,1 Year,Smartwatch
Electronics,Canon,2 Years,Camera
Electronics,HP,2 Years,Laptop
Electronics,HP,2 Years,Laptop
Electronics,HP,2 Years,Laptop
Accessories,JBL,1 Year,Headphones
Electronics,HP,2 Years,Laptop
Electronics,Amazfit,1 Year,Smartwatch
Electronics,Realme,1 Year,Smartphone
Electronics,Canon,2 Years,Camera
Electronics,Canon,2 Years,Camera
Accessories,JBL,1 Year,Headphones
Electronics,Canon,2 Years,Camera
Electronics,HP,2 Years,Laptop
Accessories,JBL,1 Year,Headphones
Electronics,Realme,1 Year,Smartphone
Electronics,HP,2 Years,Laptop
Electronics,Amazfit,1 Year,Smartwatch
Electronics,Canon,2 Years,Camera
Electronics,HP,2 Years,Laptop
Electronics,HP,2 Years,Laptop
Electronics,Realme,1 Year,Smartphone
Electronics,Canon,2 Years,Camera
Accessories,JBL,1 Year,Headphones
Electronics,HP,2 Years,Laptop
Electronics,HP,2 Years,Laptop
Electronics,Amazfit,1 Year,Smartwatch
Electronics,HP,2 Years,Laptop
Electronics,Realme,1 Year,Smartphone
Accessories,JBL,1 Year,Headphones
Electronics,Amazfit,1 Year,Smartwatch
Electronics,Amazfit,1 Year,Smartwatch
Electronics,Realme,1 Year,Smartphone
Electronics,Samsung,1 Year,Tablet
Electronics,Canon,2 Years,Camera
Accessories,JBL,1 Year,Headphones
Electronics,HP,2 Years,Laptop
Electronics,Samsung,1 Year,Tablet
Electronics,Samsung,1 Year,Tablet
Electronics,HP,2 Years,Laptop
Electronics,Realme,1 Year,Smartphone
Electronics,Samsung,1 Year,Tablet
Electronics,HP,2 Years,Laptop
Electronics,Samsung,1 Year,Tablet
Electronics,Canon,2 Years,Camera
Electronics,Samsung,1 Year,Tablet
Electronics,Samsung,1 Year,Tablet
Electronics,HP,2 Years,Laptop
Electronics,Samsung,1 Year,Tablet
Accessories,JBL,1 Year,Headphones
Electronics,Amazfit,1 Year,Smartwatch
Electronics,Samsung,1 Year,Tablet
Electronics,Samsung,1 Year,Tablet
Electronics,Canon,2 Years,Camera
Electronics,HP,2 Years,Laptop
Electronics,Canon,2 Years,Camera
Electronics,Realme,1 Year,Smartphone
Electronics,Samsung,1 Year,Tablet
Electronics,Samsung,1 Year,Tablet
Electronics,Samsung,1 Year,Tablet
Electronics,Amazfit,1 Year,Smartwatch
Electronics,Canon,2 Years,Camera
Electronics,Amazfit,1 Year,Smartwatch
Electronics,Samsung,1 Year,Tablet
Electronics,Canon,2 Years,Camera
Electronics,Canon,2 Years,Camera
Electronics,Realme,1 Year,Smartphone
Electronics,Realme,1 Year,Smartphone
Accessories,JBL,1 Year,Headphones
Electronics,Realme,1 Year,Smartphone
Electronics,Realme,1 Year,Smartphone
Electronics,Amazfit,1 Year,Smartwatch
Electronics,Amazfit,1 Year,Smartwatch
Electronics,Amazfit,1 Year,Smartwatch
Electronics,Realme,1 Year,Smartphone
Electronics,Amazfit,1 Year,Smartwatch
Electronics,Realme,1 Year,Smartphone
Electronics,HP,2 Years,Laptop
Electronics,Samsung,1 Year,Tablet
Electronics,Amazfit,1 Year,Smartwatch
Electronics,HP,2 Years,Laptop
Electronics,Samsung,1 Year,Tablet
